Name,Industry,Address,Rating,Business_phone,Website
Veritas Capital Fund Management LLC,Perusahaan ekuitas swasta,9 W 57th St,NA,+1 212-415-6700,NA
Aquiline Capital Partners,Perusahaan ekuitas swasta,437 Madison Ave Floor 40,NA,+1 212-624-9500,NA
Vesey Street Capital Partners,Perusahaan ekuitas swasta,412 W 15th St,NA,+1 646-847-2438,NA
Sutton Capital,Perusahaan modal ventura,Perusahaan modal ventura,NA,NA,NA
EQT Partners Inc.,Perusahaan ekuitas swasta,1114 6th Ave,NA,+1 917-281-0850,NA
Astor Realty Capital,Perusahaan ekuitas swasta,1180 6th Ave 8th FL,NA,+1 646-389-4745,NA
Bluestone Equity Partners,Perusahaan ekuitas swasta,405 Lexington Ave Suite 3103,NA,+1 212-597-2700,NA
Terra Capital Partners,Perusahaan ekuitas swasta,205 W 28th St,NA,+1 212-753-5100,NA
Level Equity,Perusahaan ekuitas swasta,140 E 45th St 42nd floor,NA,+1 212-660-2470,NA
"The Equity Group, Investor Relations Firm",Layanan Investasi,800 3rd Ave,NA,+1 212-371-8660,NA
Clive Capital,Perusahaan ekuitas swasta,270 1st Ave.,NA,+1 248-658-8170,NA
District Equity LLC,Perusahaan ekuitas swasta,Perusahaan ekuitas swasta,NA,+1 202-822-8100,NA
Blackhawk Partners,Perusahaan investasi,445 Park Ave 9th floor,NA,+1 917-678-3767,NA
Monomoy Capital Partners LP,Lembaga Keuangan,600 3rd Ave,NA,+1 212-699-4000,NA
Grant Avenue Capital,Perusahaan ekuitas swasta,437 Madison Ave #1901,NA,+1 212-294-8935,NA
GenNx360 Capital Partners,Perusahaan ekuitas swasta,200 Madison Ave 21st Floor,NA,+1 212-257-6772,NA
CI Capital Partners LLC,Perusahaan ekuitas swasta,500 Park Ave #8,NA,+1 212-752-1850,NA
Palladium Equity Partners,Perencana keuangan,1270 6th Ave 31st Floor,NA,+1 212-218-5150,NA
East River Equity,Perusahaan ekuitas swasta,1 World Trade Center 85th FL,NA,+1 212-540-5004,NA
EG Capital,Perusahaan ekuitas swasta,39 W 54th St,NA,NA,NA
